{
  "LSTM (BiDir)": {
    "rmse": 16.03928606608678,
    "mae": 12.365549087524414,
    "r2": 0.8398007750511169,
    "nasa_score": 468.1286315917969,
    "training_time_sec": 96.7
  },
  "XGBoost": {
    "rmse": 15.232777360137435,
    "mae": 11.16930866241455,
    "r2": 0.855506420135498,
    "nasa_score": 533.6201782226562,
    "training_time_sec": 29.7
  },
  "Random Forest": {
    "rmse": 15.532004860743132,
    "mae": 11.087142422729958,
    "r2": 0.8497739228210619,
    "nasa_score": 590.1675387386591,
    "training_time_sec": 210.9
  }
}